[
  {
    "author_id": 3,
    "genre": "Dystopian",
    "id": 3,
    "published_year": 1949,
    "title": "1984"
  },
  {
    "author_id": 4,
    "genre": "Mystery",
    "id": 4,
    "published_year": 1934,
    "title": "Murder on the Orient Express"
  },
  {
    "author_id": 5,
    "genre": "Fiction",
    "id": 5,
    "published_year": 1925,
    "title": "The Great Gatsby"
  },
  {
    "author_id": 5,
    "genre": "Fiction",
    "id": 6,
    "published_year": 1925,
    "title": "The Great Gatsby"
  },
  {
    "author_id": 1,
    "genre": "Fiction",
    "id": 7,
    "published_year": 1925,
    "title": "The Great Gatsby"
  },
  {
    "author_id": 3,
    "genre": "Fiction",
    "id": 8,
    "published_year": 1960,
    "title": "To Kill a Mockingbird"
  }
]
